<?xml version="1.0" encoding="UTF-8"?>
<beans xmlns="http://www.springframework.org/schema/beans"
	xmlns:xsi="http://www.w3.org/2001/XMLSchema-instance"
	xmlns:p="http://www.springframework.org/schema/p"
	xsi:schemaLocation="http://www.springframework.org/schema/beans  
                http://www.springframework.org/schema/beans/spring-beans-3.0.xsd">
	<bean class="com.demo3.Address" name="address">
		<property name="city" value="Mumbai"></property>
		<property name="state" value="Maharashtra"></property>
		<property name="country" value="India"></property>
	</bean>
	
	<bean class="com.demo3.Employee" name="emp1">
		<property name="emp_id" value="101"></property>
		<property name="emp_name" value="John"></property>
		<property name="emp_phone" value="1234567"></property>
		<property name="address" ref="address"></property>
	</bean>

</beans>  