<?xml version="1.0" encoding="UTF-8"?>
<beans xmlns="http://www.springframework.org/schema/beans"
 xmlns:xsi="http://www.w3.org/2001/XMLSchema-instance"
 xsi:schemaLocation="http://www.springframework.org/schema/beans
 https://www.springframework.org/schema/beans/spring-beans.xsd">
 
 <bean class="com.citiustech.MessageClass" id="myMessage">
 	<property name="message" value="Good Afternoon."></property>
 </bean>
 <bean class="com.citiustech.MessageClass" id="myMessage2">
 	<property name="message" value="Good Evening."></property>
 </bean>

</beans>