<?xml version="1.0" encoding="UTF-8"?>
<beans xmlns="http://www.springframework.org/schema/beans"
	xmlns:xsi="http://www.w3.org/2001/XMLSchema-instance"
	xmlns:p="http://www.springframework.org/schema/p"
	xmlns:util="http://www.springframework.org/schema/util"
	xsi:schemaLocation="http://www.springframework.org/schema/beans  
                http://www.springframework.org/schema/beans/spring-beans-3.0.xsd
                http://www.springframework.org/schema/util  
                http://www.springframework.org/schema/util/spring-util-3.0.xsd">
	<util:list list-class="java.util.ArrayList" id="projectList">
		<value>Examination Management</value>
		<value>Shopping Application</value>
	</util:list>

	<util:map map-class="java.util.LinkedHashMap" id="deptDetails">
		<entry key="1" value="HR"></entry>
		<entry key="2" value="Finance"></entry>
	</util:map>

	<util:properties id="dbConfig">
		<prop key="driver">com.microsoft.sqlserver.jdbc.SQLServerDriver</prop>
		<prop key="username">sa</prop>
		<prop key="password">password_123</prop>
		<prop key="url">jdbc:sqlserver://SQLEXPRESS2019</prop>
	</util:properties>

	<bean class="com.demo6.Employee" id="emp">
		<property name="emp_name" value="Kim"></property>
		<property name="project_names" ref="projectList"></property>
		<property name="department_name" ref="deptDetails"></property>
		<property name="props" ref="dbConfig"></property>
	</bean>
	
	<bean class="com.demo6.Employee" id="emp2">
		<property name="emp_name" value="Keanu"></property>
		<property name="project_names" ref="projectList"></property>
		<property name="department_name" ref="deptDetails"></property>
		<property name="props" ref="dbConfig"></property>
	</bean>

</beans>  