<?xml version="1.0" encoding="UTF-8"?>
<beans xmlns="http://www.springframework.org/schema/beans"
	xmlns:xsi="http://www.w3.org/2001/XMLSchema-instance"
	xmlns:p="http://www.springframework.org/schema/p"
	xsi:schemaLocation="http://www.springframework.org/schema/beans  
                http://www.springframework.org/schema/beans/spring-beans-3.0.xsd">
                
      <bean class="com.demo2.Student" name="student1">
      	<constructor-arg name="studentId" value="101"></constructor-arg>
      	<constructor-arg name="studentName"><value>John</value></constructor-arg>
      	<constructor-arg name="address" value="Delhi"></constructor-arg>
      </bean>	
</beans>  