<?xml version="1.0" encoding="UTF-8"?>
<beans xmlns="http://www.springframework.org/schema/beans"
	xmlns:xsi="http://www.w3.org/2001/XMLSchema-instance"
	xmlns:p="http://www.springframework.org/schema/p"
	xsi:schemaLocation="http://www.springframework.org/schema/beans  
                http://www.springframework.org/schema/beans/spring-beans-3.0.xsd">
                
            
                
	<bean class="com.demo5.Employee" name="emp">
		<property name="emp_name" value="James"></property>
		<property name="emp_phones">
			<list>
				<value>123456</value>
				<value>654321</value>
			</list>
		</property>
		<property name="address">
			<set>
				<value>Mumbai</value>
				<value>Delhi</value>
			</set>
		</property>
		<property name="techStack">
		<map>
			<entry key="Java" value="2 years"></entry>
			<entry key="Spring" value="10 years"></entry>
		</map>
		</property>
	</bean>
</beans>  