<?xml version="1.0" encoding="UTF-8"?>
<beans xmlns="http://www.springframework.org/schema/beans"
	xmlns:xsi="http://www.w3.org/2001/XMLSchema-instance"
	xmlns:p="http://www.springframework.org/schema/p"
	xmlns:util="http://www.springframework.org/schema/util"
	xmlns:context="http://www.springframework.org/schema/context"
	xsi:schemaLocation="http://www.springframework.org/schema/beans
    http://www.springframework.org/schema/beans/spring-beans-2.5.xsd
    http://www.springframework.org/schema/context
    http://www.springframework.org/schema/context/spring-context.xsd
    http://www.springframework.org/schema/util
    http://www.springframework.org/schema/util/spring-util.xsd">
    
    <bean class="com.demo1.Address" name="address1" autowire-candidate="false">
    <property name="landMark" value="Gandhi Statue"></property>
    <property name="city" value="Mumbai"></property>
    </bean>
    
    <bean class="com.demo1.Address" name="address2" autowire-candidate="false">
    <property name="landMark" value="Gandhi Statue"></property>
    <property name="city" value="Chennai"></property>
    </bean>
   
    
    <bean class="com.demo1.Address" name="address3">
    <property name="landMark" value="Gandhi Statue"></property>
    <property name="city" value="Hyderabad"></property>
    </bean>
    
     <bean class="com.demo1.Emp" name="emp" autowire="constructor" scope="prototype" />
    
 
</beans>