<?xml version="1.0" encoding="UTF-8"?>
<beans xmlns="http://www.springframework.org/schema/beans"
	xmlns:xsi="http://www.w3.org/2001/XMLSchema-instance"
	xmlns:p="http://www.springframework.org/schema/p"
	xsi:schemaLocation="http://www.springframework.org/schema/beans  
                http://www.springframework.org/schema/beans/spring-beans-3.0.xsd">
      <bean class="com.citiustech.StudentResult.Student" id="student">
      <property name="rollNumber" value="12345"></property>
      <property name="name" value="James"></property>
      <property name="englishMarks" value="30"></property>
      <property name="historyMarks" value="90"></property>
      <property name="geographyMarks" value="90"></property>
      <property name="matsMarks" value="90"></property>
      </bean>

	
</beans>  