<?xml version="1.0" encoding="UTF-8"?>
<beans xmlns="http://www.springframework.org/schema/beans"
	xmlns:xsi="http://www.w3.org/2001/XMLSchema-instance"
	xmlns:p="http://www.springframework.org/schema/p"
	xsi:schemaLocation="http://www.springframework.org/schema/beans  
                http://www.springframework.org/schema/beans/spring-beans-3.0.xsd">
                
      <bean class="com.demo1.Student" name="student1">
      	<property name="studentId"><value>101</value></property>
      	<property name="studentName"><value>John</value></property>
      	<property name="studentAddress"><value>New York</value></property>
      </bean>
      
      <bean class="com.demo1.Student" name="student2">
      	<property name="studentId" value="101" />
      	<property name="studentName" value="James" />
      	<property name="studentAddress" value="Delhi" />
      </bean>
      
      <bean class="com.demo1.Student" name="student3"  p:studentId="104" p:studentName="Kim" p:studentAddress="Mumbai" />
      

	
</beans>  