<?xml version="1.0" encoding="UTF-8"?>
<beans xmlns="http://www.springframework.org/schema/beans"
	xmlns:xsi="http://www.w3.org/2001/XMLSchema-instance"
	xmlns:p="http://www.springframework.org/schema/p"
	xsi:schemaLocation="http://www.springframework.org/schema/beans  
                http://www.springframework.org/schema/beans/spring-beans-3.0.xsd">
	<bean class="com.demo4.Address" name="address">
		<constructor-arg name="city" value="Mumbai"></constructor-arg>
		<constructor-arg name="state" value="Maharashtra"></constructor-arg>
		<constructor-arg name="country" value="India"></constructor-arg>
	</bean>
	
	<bean class="com.demo4.Employee" name="emp1">
		<constructor-arg name="emp_id" value="101"></constructor-arg >
		<constructor-arg name="emp_name" value="John"></constructor-arg>
		<constructor-arg name="emp_phone" value="1234567"></constructor-arg>
		<constructor-arg name="address" ref="address"></constructor-arg>
	</bean>

</beans>  