<?xml version="1.0" encoding="UTF-8"?>
<beans xmlns="http://www.springframework.org/schema/beans"
	xmlns:xsi="http://www.w3.org/2001/XMLSchema-instance"
	xmlns:p="http://www.springframework.org/schema/p"
	xmlns:aop="http://www.springframework.org/schema/aop"
	xmlns:util="http://www.springframework.org/schema/util"
	xmlns:context="http://www.springframework.org/schema/context"
	xsi:schemaLocation="http://www.springframework.org/schema/beans
    http://www.springframework.org/schema/beans/spring-beans-2.5.xsd
    http://www.springframework.org/schema/aop
    http://www.springframework.org/schema/aop/spring-aop-2.5.xsd
    http://www.springframework.org/schema/context
    http://www.springframework.org/schema/context/spring-context.xsd
    http://www.springframework.org/schema/util
    http://www.springframework.org/schema/util/spring-util.xsd
  	http://www.springframework.org/schema/aop
  	http://www.springframework.org/schema/aop/spring-aop.xsd">
  	
  	<bean class="org.springframework.jdbc.datasource.DriverManagerDataSource" name="ds">
  	<property name="driverClassName" value="com.microsoft.sqlserver.jdbc.SQLServerDriver"></property>
  	<property name="url" value="jdbc:sqlserver://IMCHBCP73-BLL;databaseName=preimpactassignment"></property>
  	<property name="username" value="sa"></property>
  	<property name="password" value="password_123"></property>
  	</bean>
  	
  	
  	<bean class="org.springframework.jdbc.core.JdbcTemplate" name="jdbctemp">
  	<property name="dataSource" ref="ds"></property>
  	</bean>
  	
  	
  	<bean class="com.citiustech.dao.AdminOperationsDaoImpl" name="adminDao">
  	<property name="jdbcTemplate" ref="jdbctemp"></property>
  	</bean>
  	
  	

</beans>